Asset Type,Campaign,Text,Final URL,Path 1,Path 2,Description 1,Description 2,Notes
Sitelink,JSM | Search | ACoruna Tower | EN,Read Free Preview,https://jsmcoop.com/book,free,preview,Read the opening sample.,Preview before buying.,Campaign-level sitelink; keep only if message matches intent
Sitelink,JSM | Search | ACoruna Tower | EN,Get a Signed Copy,https://jsmcoop.com/book/signed,signed,book,Signed paperback direct.,Optional inscription.,Campaign-level sitelink; keep only if message matches intent
Sitelink,JSM | Search | ACoruna Tower | EN,Explore A Coruña,https://jsmcoop.com/blogs/a-coruna-through-the-lens-tower-of-hercules,a-coruña,stories,Travel stories from Galicia.,Start with the Tower.,Campaign-level sitelink; keep only if message matches intent
Sitelink,JSM | Search | ACoruna Tower | EN,Why A Coruña Fits,https://jsmcoop.com/blogs/mystery-memory-galicia-man-in-the-ball-cap,galicia,mystery,"Place, memory, mystery.",Meet Pepe Miguel.,Campaign-level sitelink; keep only if message matches intent
Sitelink,JSM | Search | ACoruna Tower | EN,Latest Stories,https://jsmcoop.com/blogs,latest,stories,Read the blog library.,Explore JSM articles.,Campaign-level sitelink; keep only if message matches intent
Callout,JSM | Search | ACoruna Tower | EN,Original JSM stories,,,,,,Review at campaign level
Callout,JSM | Search | ACoruna Tower | EN,A Coruña setting,,,,,,Review at campaign level
Callout,JSM | Search | ACoruna Tower | EN,Free preview available,,,,,,Review at campaign level
Callout,JSM | Search | ACoruna Tower | EN,Signed edition available,,,,,,Review at campaign level
Callout,JSM | Search | ACoruna Tower | EN,Mission-driven publishing,,,,,,Review at campaign level
Structured Snippet,JSM | Search | ACoruna Tower | EN,"Topics: A Coruña, Galicia, Landmarks, Mystery",,,,,,Travel/discovery snippet
Sitelink,JSM | Search | ACoruna Old Town | EN,Read Free Preview,https://jsmcoop.com/book,free,preview,Read the opening sample.,Preview before buying.,Campaign-level sitelink; keep only if message matches intent
Sitelink,JSM | Search | ACoruna Old Town | EN,Get a Signed Copy,https://jsmcoop.com/book/signed,signed,book,Signed paperback direct.,Optional inscription.,Campaign-level sitelink; keep only if message matches intent
Sitelink,JSM | Search | ACoruna Old Town | EN,Explore A Coruña,https://jsmcoop.com/blogs/a-coruna-through-the-lens-tower-of-hercules,a-coruña,stories,Travel stories from Galicia.,Start with the Tower.,Campaign-level sitelink; keep only if message matches intent
Sitelink,JSM | Search | ACoruna Old Town | EN,Why A Coruña Fits,https://jsmcoop.com/blogs/mystery-memory-galicia-man-in-the-ball-cap,galicia,mystery,"Place, memory, mystery.",Meet Pepe Miguel.,Campaign-level sitelink; keep only if message matches intent
Sitelink,JSM | Search | ACoruna Old Town | EN,Latest Stories,https://jsmcoop.com/blogs,latest,stories,Read the blog library.,Explore JSM articles.,Campaign-level sitelink; keep only if message matches intent
Callout,JSM | Search | ACoruna Old Town | EN,Original JSM stories,,,,,,Review at campaign level
Callout,JSM | Search | ACoruna Old Town | EN,A Coruña setting,,,,,,Review at campaign level
Callout,JSM | Search | ACoruna Old Town | EN,Free preview available,,,,,,Review at campaign level
Callout,JSM | Search | ACoruna Old Town | EN,Signed edition available,,,,,,Review at campaign level
Callout,JSM | Search | ACoruna Old Town | EN,Mission-driven publishing,,,,,,Review at campaign level
Structured Snippet,JSM | Search | ACoruna Old Town | EN,"Topics: A Coruña, Galicia, Landmarks, Mystery",,,,,,Travel/discovery snippet
Sitelink,JSM | Search | ACoruna Coast | EN,Read Free Preview,https://jsmcoop.com/book,free,preview,Read the opening sample.,Preview before buying.,Campaign-level sitelink; keep only if message matches intent
Sitelink,JSM | Search | ACoruna Coast | EN,Get a Signed Copy,https://jsmcoop.com/book/signed,signed,book,Signed paperback direct.,Optional inscription.,Campaign-level sitelink; keep only if message matches intent
Sitelink,JSM | Search | ACoruna Coast | EN,Explore A Coruña,https://jsmcoop.com/blogs/a-coruna-through-the-lens-tower-of-hercules,a-coruña,stories,Travel stories from Galicia.,Start with the Tower.,Campaign-level sitelink; keep only if message matches intent
Sitelink,JSM | Search | ACoruna Coast | EN,Why A Coruña Fits,https://jsmcoop.com/blogs/mystery-memory-galicia-man-in-the-ball-cap,galicia,mystery,"Place, memory, mystery.",Meet Pepe Miguel.,Campaign-level sitelink; keep only if message matches intent
Sitelink,JSM | Search | ACoruna Coast | EN,Latest Stories,https://jsmcoop.com/blogs,latest,stories,Read the blog library.,Explore JSM articles.,Campaign-level sitelink; keep only if message matches intent
Callout,JSM | Search | ACoruna Coast | EN,Original JSM stories,,,,,,Review at campaign level
Callout,JSM | Search | ACoruna Coast | EN,A Coruña setting,,,,,,Review at campaign level
Callout,JSM | Search | ACoruna Coast | EN,Free preview available,,,,,,Review at campaign level
Callout,JSM | Search | ACoruna Coast | EN,Signed edition available,,,,,,Review at campaign level
Callout,JSM | Search | ACoruna Coast | EN,Mission-driven publishing,,,,,,Review at campaign level
Structured Snippet,JSM | Search | ACoruna Coast | EN,"Topics: A Coruña, Galicia, Landmarks, Mystery",,,,,,Travel/discovery snippet
Sitelink,JSM | Search | Maria Pita | EN,Read Free Preview,https://jsmcoop.com/book,free,preview,Read the opening sample.,Preview before buying.,Campaign-level sitelink; keep only if message matches intent
Sitelink,JSM | Search | Maria Pita | EN,Get a Signed Copy,https://jsmcoop.com/book/signed,signed,book,Signed paperback direct.,Optional inscription.,Campaign-level sitelink; keep only if message matches intent
Sitelink,JSM | Search | Maria Pita | EN,Explore A Coruña,https://jsmcoop.com/blogs/a-coruna-through-the-lens-tower-of-hercules,a-coruña,stories,Travel stories from Galicia.,Start with the Tower.,Campaign-level sitelink; keep only if message matches intent
Sitelink,JSM | Search | Maria Pita | EN,Why A Coruña Fits,https://jsmcoop.com/blogs/mystery-memory-galicia-man-in-the-ball-cap,galicia,mystery,"Place, memory, mystery.",Meet Pepe Miguel.,Campaign-level sitelink; keep only if message matches intent
Sitelink,JSM | Search | Maria Pita | EN,Latest Stories,https://jsmcoop.com/blogs,latest,stories,Read the blog library.,Explore JSM articles.,Campaign-level sitelink; keep only if message matches intent
Callout,JSM | Search | Maria Pita | EN,Original JSM stories,,,,,,Review at campaign level
Callout,JSM | Search | Maria Pita | EN,A Coruña setting,,,,,,Review at campaign level
Callout,JSM | Search | Maria Pita | EN,Free preview available,,,,,,Review at campaign level
Callout,JSM | Search | Maria Pita | EN,Signed edition available,,,,,,Review at campaign level
Callout,JSM | Search | Maria Pita | EN,Mission-driven publishing,,,,,,Review at campaign level
Structured Snippet,JSM | Search | Maria Pita | EN,"Topics: A Coruña, Galicia, Landmarks, Mystery",,,,,,Travel/discovery snippet
Sitelink,JSM | Search | Rainy Galicia | EN,Read Free Preview,https://jsmcoop.com/book,free,preview,Read the opening sample.,Preview before buying.,Campaign-level sitelink; keep only if message matches intent
Sitelink,JSM | Search | Rainy Galicia | EN,Get a Signed Copy,https://jsmcoop.com/book/signed,signed,book,Signed paperback direct.,Optional inscription.,Campaign-level sitelink; keep only if message matches intent
Sitelink,JSM | Search | Rainy Galicia | EN,Explore A Coruña,https://jsmcoop.com/blogs/a-coruna-through-the-lens-tower-of-hercules,a-coruña,stories,Travel stories from Galicia.,Start with the Tower.,Campaign-level sitelink; keep only if message matches intent
Sitelink,JSM | Search | Rainy Galicia | EN,Why A Coruña Fits,https://jsmcoop.com/blogs/mystery-memory-galicia-man-in-the-ball-cap,galicia,mystery,"Place, memory, mystery.",Meet Pepe Miguel.,Campaign-level sitelink; keep only if message matches intent
Sitelink,JSM | Search | Rainy Galicia | EN,Latest Stories,https://jsmcoop.com/blogs,latest,stories,Read the blog library.,Explore JSM articles.,Campaign-level sitelink; keep only if message matches intent
Callout,JSM | Search | Rainy Galicia | EN,Original JSM stories,,,,,,Review at campaign level
Callout,JSM | Search | Rainy Galicia | EN,A Coruña setting,,,,,,Review at campaign level
Callout,JSM | Search | Rainy Galicia | EN,Free preview available,,,,,,Review at campaign level
Callout,JSM | Search | Rainy Galicia | EN,Signed edition available,,,,,,Review at campaign level
Callout,JSM | Search | Rainy Galicia | EN,Mission-driven publishing,,,,,,Review at campaign level
Structured Snippet,JSM | Search | Rainy Galicia | EN,"Topics: A Coruña, Galicia, Landmarks, Mystery",,,,,,Travel/discovery snippet
Sitelink,JSM | Search | Galicia Mystery | EN,Read Free Preview,https://jsmcoop.com/book,free,preview,Read the opening sample.,Preview before buying.,Campaign-level sitelink; keep only if message matches intent
Sitelink,JSM | Search | Galicia Mystery | EN,Get a Signed Copy,https://jsmcoop.com/book/signed,signed,book,Signed paperback direct.,Optional inscription.,Campaign-level sitelink; keep only if message matches intent
Sitelink,JSM | Search | Galicia Mystery | EN,Why A Coruña Fits,https://jsmcoop.com/blogs/mystery-memory-galicia-man-in-the-ball-cap,galicia,mystery,"Place, memory, mystery.",Meet Pepe Miguel.,Campaign-level sitelink; keep only if message matches intent
Sitelink,JSM | Search | Galicia Mystery | EN,Latest Stories,https://jsmcoop.com/blogs,latest,stories,Read the blog library.,Explore JSM articles.,Campaign-level sitelink; keep only if message matches intent
Callout,JSM | Search | Galicia Mystery | EN,Original JSM stories,,,,,,Review at campaign level
Callout,JSM | Search | Galicia Mystery | EN,A Coruña setting,,,,,,Review at campaign level
Callout,JSM | Search | Galicia Mystery | EN,Free preview available,,,,,,Review at campaign level
Callout,JSM | Search | Galicia Mystery | EN,Signed edition available,,,,,,Review at campaign level
Callout,JSM | Search | Galicia Mystery | EN,Mission-driven publishing,,,,,,Review at campaign level
Structured Snippet,JSM | Search | Galicia Mystery | EN,"Editions: Kindle, Paperback, Spanish, Signed direct",,,,,,Use only where book intent is present
Sitelink,JSM | Search | Mystery Book Preview | EN,Read Free Preview,https://jsmcoop.com/book,free,preview,Read the opening sample.,Preview before buying.,Campaign-level sitelink; keep only if message matches intent
Sitelink,JSM | Search | Mystery Book Preview | EN,Get a Signed Copy,https://jsmcoop.com/book/signed,signed,book,Signed paperback direct.,Optional inscription.,Campaign-level sitelink; keep only if message matches intent
Sitelink,JSM | Search | Mystery Book Preview | EN,Why A Coruña Fits,https://jsmcoop.com/blogs/mystery-memory-galicia-man-in-the-ball-cap,galicia,mystery,"Place, memory, mystery.",Meet Pepe Miguel.,Campaign-level sitelink; keep only if message matches intent
Sitelink,JSM | Search | Mystery Book Preview | EN,Latest Stories,https://jsmcoop.com/blogs,latest,stories,Read the blog library.,Explore JSM articles.,Campaign-level sitelink; keep only if message matches intent
Callout,JSM | Search | Mystery Book Preview | EN,Original JSM stories,,,,,,Review at campaign level
Callout,JSM | Search | Mystery Book Preview | EN,A Coruña setting,,,,,,Review at campaign level
Callout,JSM | Search | Mystery Book Preview | EN,Free preview available,,,,,,Review at campaign level
Callout,JSM | Search | Mystery Book Preview | EN,Signed edition available,,,,,,Review at campaign level
Callout,JSM | Search | Mystery Book Preview | EN,Mission-driven publishing,,,,,,Review at campaign level
Structured Snippet,JSM | Search | Mystery Book Preview | EN,"Editions: Kindle, Paperback, Spanish, Signed direct",,,,,,Use only where book intent is present
Sitelink,JSM | Search | Signed Mystery Book | EN,Read Free Preview,https://jsmcoop.com/book,free,preview,Read the opening sample.,Preview before buying.,Campaign-level sitelink; keep only if message matches intent
Sitelink,JSM | Search | Signed Mystery Book | EN,Get a Signed Copy,https://jsmcoop.com/book/signed,signed,book,Signed paperback direct.,Optional inscription.,Campaign-level sitelink; keep only if message matches intent
Sitelink,JSM | Search | Signed Mystery Book | EN,Why A Coruña Fits,https://jsmcoop.com/blogs/mystery-memory-galicia-man-in-the-ball-cap,galicia,mystery,"Place, memory, mystery.",Meet Pepe Miguel.,Campaign-level sitelink; keep only if message matches intent
Sitelink,JSM | Search | Signed Mystery Book | EN,Walk The Camino,https://jsmcoop.com/blogs/the-camino,the,camino,Stories and community.,Learn the mission.,Campaign-level sitelink; keep only if message matches intent
Callout,JSM | Search | Signed Mystery Book | EN,Original JSM stories,,,,,,Review at campaign level
Callout,JSM | Search | Signed Mystery Book | EN,A Coruña setting,,,,,,Review at campaign level
Callout,JSM | Search | Signed Mystery Book | EN,Free preview available,,,,,,Review at campaign level
Callout,JSM | Search | Signed Mystery Book | EN,Signed edition available,,,,,,Review at campaign level
Callout,JSM | Search | Signed Mystery Book | EN,Mission-driven publishing,,,,,,Review at campaign level
Structured Snippet,JSM | Search | Signed Mystery Book | EN,"Editions: Kindle, Paperback, Spanish, Signed direct",,,,,,Use only where book intent is present
Sitelink,JSM | Search | Misterio Coruna | ES,Read Free Preview,https://jsmcoop.com/book,free,preview,Read the opening sample.,Preview before buying.,Campaign-level sitelink; keep only if message matches intent
Sitelink,JSM | Search | Misterio Coruna | ES,Walk The Camino,https://jsmcoop.com/blogs/the-camino,the,camino,Stories and community.,Learn the mission.,Campaign-level sitelink; keep only if message matches intent
Sitelink,JSM | Search | Misterio Coruna | ES,Latest Stories,https://jsmcoop.com/blogs,latest,stories,Read the blog library.,Explore JSM articles.,Campaign-level sitelink; keep only if message matches intent
Sitelink,JSM | Search | Misterio Coruna | ES,Spanish Mystery,https://jsmcoop.com/blogs/el-hombre-con-la-gorra,misterio,coruña,Spanish-language entry.,Misterio en A Coruña.,Campaign-level sitelink; keep only if message matches intent
Callout,JSM | Search | Misterio Coruna | ES,Original JSM stories,,,,,,Review at campaign level
Callout,JSM | Search | Misterio Coruna | ES,A Coruña setting,,,,,,Review at campaign level
Callout,JSM | Search | Misterio Coruna | ES,Free preview available,,,,,,Review at campaign level
Callout,JSM | Search | Misterio Coruna | ES,Signed edition available,,,,,,Review at campaign level
Callout,JSM | Search | Misterio Coruna | ES,Mission-driven publishing,,,,,,Review at campaign level
Structured Snippet,JSM | Search | Misterio Coruna | ES,"Editions: Kindle, Paperback, Spanish, Signed direct",,,,,,Use only where book intent is present
Sitelink,JSM | Search | Stories With Impact | EN,Read Free Preview,https://jsmcoop.com/book,free,preview,Read the opening sample.,Preview before buying.,Campaign-level sitelink; keep only if message matches intent
Sitelink,JSM | Search | Stories With Impact | EN,Walk The Camino,https://jsmcoop.com/blogs/the-camino,the,camino,Stories and community.,Learn the mission.,Campaign-level sitelink; keep only if message matches intent
Sitelink,JSM | Search | Stories With Impact | EN,Novel Subscription,https://jsmcoop.com/novel-subscription/,novel,subscription,Join monthly support.,Processed via PayPal.,Campaign-level sitelink; keep only if message matches intent
Sitelink,JSM | Search | Stories With Impact | EN,Latest Stories,https://jsmcoop.com/blogs,latest,stories,Read the blog library.,Explore JSM articles.,Campaign-level sitelink; keep only if message matches intent
Callout,JSM | Search | Stories With Impact | EN,Original JSM stories,,,,,,Review at campaign level
Callout,JSM | Search | Stories With Impact | EN,Free preview available,,,,,,Review at campaign level
Callout,JSM | Search | Stories With Impact | EN,Mission-driven publishing,,,,,,Review at campaign level
Structured Snippet,JSM | Search | Stories With Impact | EN,"Programs: Newsletter, Camino, Books, Community",,,,,,Mission-centered snippet
