Campaign,Ad Group,Keyword,Match Type,Intent,Landing Page
JSM | Search | ACoruna Tower | EN,Tower of Hercules,tower of hercules,Exact,discovery,/blogs/a-coruña-through-the-lens-tower-of-hercules
JSM | Search | ACoruna Tower | EN,Tower of Hercules,torre de hercules,Exact,discovery,/blogs/a-coruña-through-the-lens-tower-of-hercules
JSM | Search | ACoruna Tower | EN,Tower of Hercules,tower of hercules coruña,Exact,discovery,/blogs/a-coruña-through-the-lens-tower-of-hercules
JSM | Search | ACoruna Tower | EN,Tower of Hercules,tower of hercules a coruña,Exact,discovery,/blogs/a-coruña-through-the-lens-tower-of-hercules
JSM | Search | ACoruna Tower | EN,Tower of Hercules,a coruña landmarks,Exact,discovery,/blogs/a-coruña-through-the-lens-tower-of-hercules
JSM | Search | ACoruna Tower | EN,Tower of Hercules,coruña spain attractions,Exact,discovery,/blogs/a-coruña-through-the-lens-tower-of-hercules
JSM | Search | ACoruna Tower | EN,Tower of Hercules,what to see in a coruña,Exact,discovery,/blogs/a-coruña-through-the-lens-tower-of-hercules
JSM | Search | ACoruna Tower | EN,Tower of Hercules,things to see in a coruña,Phrase,discovery,/blogs/a-coruña-through-the-lens-tower-of-hercules
JSM | Search | ACoruna Tower | EN,Tower of Hercules,visit tower of hercules,Phrase,discovery,/blogs/a-coruña-through-the-lens-tower-of-hercules
JSM | Search | ACoruna Tower | EN,Tower of Hercules,a coruña travel landmarks,Phrase,discovery,/blogs/a-coruña-through-the-lens-tower-of-hercules
JSM | Search | ACoruna Tower | EN,Tower of Hercules,a coruña spain attractions,Phrase,discovery,/blogs/a-coruña-through-the-lens-tower-of-hercules
JSM | Search | ACoruna Tower | EN,Tower of Hercules,what to see in coruña,Phrase,discovery,/blogs/a-coruña-through-the-lens-tower-of-hercules
JSM | Search | ACoruna Tower | EN,Tower of Hercules,a coruña lighthouse,Exploratory Phrase,discovery,/blogs/a-coruña-through-the-lens-tower-of-hercules
JSM | Search | ACoruna Tower | EN,Tower of Hercules,hercules tower spain,Exploratory Phrase,discovery,/blogs/a-coruña-through-the-lens-tower-of-hercules
JSM | Search | ACoruna Tower | EN,Tower of Hercules,galicia landmarks tower,Exploratory Phrase,discovery,/blogs/a-coruña-through-the-lens-tower-of-hercules
JSM | Search | ACoruna Old Town | EN,Ciudad Vieja,ciudad vieja a coruña,Exact,discovery,/blogs/a-coruña-through-the-lens-ciudad-vieja
JSM | Search | ACoruna Old Town | EN,Ciudad Vieja,a coruña old town,Exact,discovery,/blogs/a-coruña-through-the-lens-ciudad-vieja
JSM | Search | ACoruna Old Town | EN,Ciudad Vieja,coruña historic center,Exact,discovery,/blogs/a-coruña-through-the-lens-ciudad-vieja
JSM | Search | ACoruna Old Town | EN,Ciudad Vieja,old town coruña,Exact,discovery,/blogs/a-coruña-through-the-lens-ciudad-vieja
JSM | Search | ACoruna Old Town | EN,Ciudad Vieja,historic a coruña,Exact,discovery,/blogs/a-coruña-through-the-lens-ciudad-vieja
JSM | Search | ACoruna Old Town | EN,Ciudad Vieja,a coruña walking,Exact,discovery,/blogs/a-coruña-through-the-lens-ciudad-vieja
JSM | Search | ACoruna Old Town | EN,Ciudad Vieja,places to visit a coruña,Exact,discovery,/blogs/a-coruña-through-the-lens-ciudad-vieja
JSM | Search | ACoruna Old Town | EN,Ciudad Vieja,walk ciudad vieja a coruña,Phrase,discovery,/blogs/a-coruña-through-the-lens-ciudad-vieja
JSM | Search | ACoruna Old Town | EN,Ciudad Vieja,a coruña historic streets,Phrase,discovery,/blogs/a-coruña-through-the-lens-ciudad-vieja
JSM | Search | ACoruna Old Town | EN,Ciudad Vieja,a coruña old city,Phrase,discovery,/blogs/a-coruña-through-the-lens-ciudad-vieja
JSM | Search | ACoruna Old Town | EN,Ciudad Vieja,historic center coruña,Phrase,discovery,/blogs/a-coruña-through-the-lens-ciudad-vieja
JSM | Search | ACoruna Old Town | EN,Ciudad Vieja,a coruña walking tour,Phrase,discovery,/blogs/a-coruña-through-the-lens-ciudad-vieja
JSM | Search | ACoruna Old Town | EN,Ciudad Vieja,coruña old quarter,Exploratory Phrase,discovery,/blogs/a-coruña-through-the-lens-ciudad-vieja
JSM | Search | ACoruna Old Town | EN,Ciudad Vieja,galicia old town coruña,Exploratory Phrase,discovery,/blogs/a-coruña-through-the-lens-ciudad-vieja
JSM | Search | ACoruna Old Town | EN,Ciudad Vieja,a coruña cultural walk,Exploratory Phrase,discovery,/blogs/a-coruña-through-the-lens-ciudad-vieja
JSM | Search | ACoruna Coast | EN,Paseo Marítimo,paseo maritimo a coruña,Exact,discovery,/blogs/a-coruña-through-the-lens-paseo-maritimo
JSM | Search | ACoruna Coast | EN,Paseo Marítimo,a coruña promenade,Exact,discovery,/blogs/a-coruña-through-the-lens-paseo-maritimo
JSM | Search | ACoruna Coast | EN,Paseo Marítimo,coruña waterfront,Exact,discovery,/blogs/a-coruña-through-the-lens-paseo-maritimo
JSM | Search | ACoruna Coast | EN,Paseo Marítimo,a coruña coastline,Exact,discovery,/blogs/a-coruña-through-the-lens-paseo-maritimo
JSM | Search | ACoruna Coast | EN,Paseo Marítimo,a coruña beaches,Exact,discovery,/blogs/a-coruña-through-the-lens-paseo-maritimo
JSM | Search | ACoruna Coast | EN,Paseo Marítimo,walking a coruña,Exact,discovery,/blogs/a-coruña-through-the-lens-paseo-maritimo
JSM | Search | ACoruna Coast | EN,Paseo Marítimo,a coruña atlantic coast,Exact,discovery,/blogs/a-coruña-through-the-lens-paseo-maritimo
JSM | Search | ACoruna Coast | EN,Paseo Marítimo,walk paseo maritimo a coruña,Phrase,discovery,/blogs/a-coruña-through-the-lens-paseo-maritimo
JSM | Search | ACoruna Coast | EN,Paseo Marítimo,a coruña coastal walk,Phrase,discovery,/blogs/a-coruña-through-the-lens-paseo-maritimo
JSM | Search | ACoruna Coast | EN,Paseo Marítimo,coruña seafront walk,Phrase,discovery,/blogs/a-coruña-through-the-lens-paseo-maritimo
JSM | Search | ACoruna Coast | EN,Paseo Marítimo,a coruña atlantic coast,Phrase,discovery,/blogs/a-coruña-through-the-lens-paseo-maritimo
JSM | Search | ACoruna Coast | EN,Paseo Marítimo,a coruña waterfront,Phrase,discovery,/blogs/a-coruña-through-the-lens-paseo-maritimo
JSM | Search | ACoruna Coast | EN,Paseo Marítimo,galicia coastal city walk,Exploratory Phrase,discovery,/blogs/a-coruña-through-the-lens-paseo-maritimo
JSM | Search | ACoruna Coast | EN,Paseo Marítimo,a coruña ocean promenade,Exploratory Phrase,discovery,/blogs/a-coruña-through-the-lens-paseo-maritimo
JSM | Search | ACoruna Coast | EN,Paseo Marítimo,coruña beach promenade,Exploratory Phrase,discovery,/blogs/a-coruña-through-the-lens-paseo-maritimo
JSM | Search | Maria Pita | EN,María Pita,plaza maria pita,Exact,discovery,/blogs/a-coruña-through-the-lens-maria-pita
JSM | Search | Maria Pita | EN,María Pita,maria pita a coruña,Exact,discovery,/blogs/a-coruña-through-the-lens-maria-pita
JSM | Search | Maria Pita | EN,María Pita,a coruña city center,Exact,discovery,/blogs/a-coruña-through-the-lens-maria-pita
JSM | Search | Maria Pita | EN,María Pita,a coruña main square,Exact,discovery,/blogs/a-coruña-through-the-lens-maria-pita
JSM | Search | Maria Pita | EN,María Pita,things to do a coruña,Exact,discovery,/blogs/a-coruña-through-the-lens-maria-pita
JSM | Search | Maria Pita | EN,María Pita,what to see in coruña,Exact,discovery,/blogs/a-coruña-through-the-lens-maria-pita
JSM | Search | Maria Pita | EN,María Pita,visit plaza maria pita,Phrase,discovery,/blogs/a-coruña-through-the-lens-maria-pita
JSM | Search | Maria Pita | EN,María Pita,maria pita square coruña,Phrase,discovery,/blogs/a-coruña-through-the-lens-maria-pita
JSM | Search | Maria Pita | EN,María Pita,a coruña central square,Phrase,discovery,/blogs/a-coruña-through-the-lens-maria-pita
JSM | Search | Maria Pita | EN,María Pita,a coruña city centre,Phrase,discovery,/blogs/a-coruña-through-the-lens-maria-pita
JSM | Search | Maria Pita | EN,María Pita,places to see in a coruña,Phrase,discovery,/blogs/a-coruña-through-the-lens-maria-pita
JSM | Search | Maria Pita | EN,María Pita,coruña civic square,Exploratory Phrase,discovery,/blogs/a-coruña-through-the-lens-maria-pita
JSM | Search | Maria Pita | EN,María Pita,a coruña maria pita plaza,Exploratory Phrase,discovery,/blogs/a-coruña-through-the-lens-maria-pita
JSM | Search | Maria Pita | EN,María Pita,galicia city squares,Exploratory Phrase,discovery,/blogs/a-coruña-through-the-lens-maria-pita
JSM | Search | Rainy Galicia | EN,Rainy Galicia,a coruña rain,Exact,discovery,/blogs/a-rainy-day-in-a-coruña-through-the-lens
JSM | Search | Rainy Galicia | EN,Rainy Galicia,galicia rainy day,Exact,discovery,/blogs/a-rainy-day-in-a-coruña-through-the-lens
JSM | Search | Rainy Galicia | EN,Rainy Galicia,a coruña in the rain,Exact,discovery,/blogs/a-rainy-day-in-a-coruña-through-the-lens
JSM | Search | Rainy Galicia | EN,Rainy Galicia,galicia weather travel,Exact,discovery,/blogs/a-rainy-day-in-a-coruña-through-the-lens
JSM | Search | Rainy Galicia | EN,Rainy Galicia,rainy galicia,Exact,discovery,/blogs/a-rainy-day-in-a-coruña-through-the-lens
JSM | Search | Rainy Galicia | EN,Rainy Galicia,atmospheric galicia,Exact,discovery,/blogs/a-rainy-day-in-a-coruña-through-the-lens
JSM | Search | Rainy Galicia | EN,Rainy Galicia,coruña photography,Exact,discovery,/blogs/a-rainy-day-in-a-coruña-through-the-lens
JSM | Search | Rainy Galicia | EN,Rainy Galicia,galicia photography,Exact,discovery,/blogs/a-rainy-day-in-a-coruña-through-the-lens
JSM | Search | Rainy Galicia | EN,Rainy Galicia,rainy day in a coruña,Phrase,discovery,/blogs/a-rainy-day-in-a-coruña-through-the-lens
JSM | Search | Rainy Galicia | EN,Rainy Galicia,a coruña rainy travel,Phrase,discovery,/blogs/a-rainy-day-in-a-coruña-through-the-lens
JSM | Search | Rainy Galicia | EN,Rainy Galicia,galicia rain photography,Phrase,discovery,/blogs/a-rainy-day-in-a-coruña-through-the-lens
JSM | Search | Rainy Galicia | EN,Rainy Galicia,atmospheric a coruña,Phrase,discovery,/blogs/a-rainy-day-in-a-coruña-through-the-lens
JSM | Search | Rainy Galicia | EN,Rainy Galicia,photography in galicia,Phrase,discovery,/blogs/a-rainy-day-in-a-coruña-through-the-lens
JSM | Search | Rainy Galicia | EN,Rainy Galicia,moody galicia travel,Exploratory Phrase,discovery,/blogs/a-rainy-day-in-a-coruña-through-the-lens
JSM | Search | Rainy Galicia | EN,Rainy Galicia,rain in coruña spain,Exploratory Phrase,discovery,/blogs/a-rainy-day-in-a-coruña-through-the-lens
JSM | Search | Rainy Galicia | EN,Rainy Galicia,galicia travel atmosphere,Exploratory Phrase,discovery,/blogs/a-rainy-day-in-a-coruña-through-the-lens
JSM | Search | Galicia Mystery | EN,Galicia Mystery,mystery novel set in spain,Exact,mid-funnel,/blogs/mystery-memory-galicia-man-in-the-ball-cap
JSM | Search | Galicia Mystery | EN,Galicia Mystery,mystery novel galicia,Exact,mid-funnel,/blogs/mystery-memory-galicia-man-in-the-ball-cap
JSM | Search | Galicia Mystery | EN,Galicia Mystery,detective novel spain,Exact,mid-funnel,/blogs/mystery-memory-galicia-man-in-the-ball-cap
JSM | Search | Galicia Mystery | EN,Galicia Mystery,crime fiction spain,Exact,mid-funnel,/blogs/mystery-memory-galicia-man-in-the-ball-cap
JSM | Search | Galicia Mystery | EN,Galicia Mystery,mystery books set in spain,Exact,mid-funnel,/blogs/mystery-memory-galicia-man-in-the-ball-cap
JSM | Search | Galicia Mystery | EN,Galicia Mystery,spanish setting mystery novel,Exact,mid-funnel,/blogs/mystery-memory-galicia-man-in-the-ball-cap
JSM | Search | Galicia Mystery | EN,Galicia Mystery,mystery a coruña,Exact,mid-funnel,/blogs/mystery-memory-galicia-man-in-the-ball-cap
JSM | Search | Galicia Mystery | EN,Galicia Mystery,galicia fiction,Exact,mid-funnel,/blogs/mystery-memory-galicia-man-in-the-ball-cap
JSM | Search | Galicia Mystery | EN,Galicia Mystery,mystery book set in galicia,Phrase,mid-funnel,/blogs/mystery-memory-galicia-man-in-the-ball-cap
JSM | Search | Galicia Mystery | EN,Galicia Mystery,detective mystery set in spain,Phrase,mid-funnel,/blogs/mystery-memory-galicia-man-in-the-ball-cap
JSM | Search | Galicia Mystery | EN,Galicia Mystery,crime novel set in spain,Phrase,mid-funnel,/blogs/mystery-memory-galicia-man-in-the-ball-cap
JSM | Search | Galicia Mystery | EN,Galicia Mystery,books set in a coruña,Phrase,mid-funnel,/blogs/mystery-memory-galicia-man-in-the-ball-cap
JSM | Search | Galicia Mystery | EN,Galicia Mystery,spanish mystery fiction,Phrase,mid-funnel,/blogs/mystery-memory-galicia-man-in-the-ball-cap
JSM | Search | Galicia Mystery | EN,Galicia Mystery,european detective fiction spain,Exploratory Phrase,mid-funnel,/blogs/mystery-memory-galicia-man-in-the-ball-cap
JSM | Search | Galicia Mystery | EN,Galicia Mystery,galician mystery novel,Exploratory Phrase,mid-funnel,/blogs/mystery-memory-galicia-man-in-the-ball-cap
JSM | Search | Galicia Mystery | EN,Galicia Mystery,atmospheric mystery spain,Exploratory Phrase,mid-funnel,/blogs/mystery-memory-galicia-man-in-the-ball-cap
JSM | Search | Mystery Book Preview | EN,Mystery Preview,new mystery novel,Exact,mid/high-funnel,/book
JSM | Search | Mystery Book Preview | EN,Mystery Preview,detective mystery novel,Exact,mid/high-funnel,/book
JSM | Search | Mystery Book Preview | EN,Mystery Preview,independent mystery novel,Exact,mid/high-funnel,/book
JSM | Search | Mystery Book Preview | EN,Mystery Preview,mystery book spain,Exact,mid/high-funnel,/book
JSM | Search | Mystery Book Preview | EN,Mystery Preview,mystery thriller spain,Exact,mid/high-funnel,/book
JSM | Search | Mystery Book Preview | EN,Mystery Preview,detective book set in europe,Exact,mid/high-funnel,/book
JSM | Search | Mystery Book Preview | EN,Mystery Preview,mystery novel free preview,Exact,mid/high-funnel,/book
JSM | Search | Mystery Book Preview | EN,Mystery Preview,read mystery book sample,Exact,mid/high-funnel,/book
JSM | Search | Mystery Book Preview | EN,Mystery Preview,read mystery novel preview,Phrase,mid/high-funnel,/book
JSM | Search | Mystery Book Preview | EN,Mystery Preview,free mystery book sample,Phrase,mid/high-funnel,/book
JSM | Search | Mystery Book Preview | EN,Mystery Preview,preview detective novel,Phrase,mid/high-funnel,/book
JSM | Search | Mystery Book Preview | EN,Mystery Preview,new independent mystery book,Phrase,mid/high-funnel,/book
JSM | Search | Mystery Book Preview | EN,Mystery Preview,mystery novel sample chapter,Phrase,mid/high-funnel,/book
JSM | Search | Mystery Book Preview | EN,Mystery Preview,literary mystery preview,Exploratory Phrase,mid/high-funnel,/book
JSM | Search | Mystery Book Preview | EN,Mystery Preview,sample mystery book online,Exploratory Phrase,mid/high-funnel,/book
JSM | Search | Mystery Book Preview | EN,Mystery Preview,spanish setting mystery book,Exploratory Phrase,mid/high-funnel,/book
JSM | Search | Signed Mystery Book | EN,Signed Mystery,signed mystery book,Exact,high-intent,/book/signed
JSM | Search | Signed Mystery Book | EN,Signed Mystery,signed mystery novel,Exact,high-intent,/book/signed
JSM | Search | Signed Mystery Book | EN,Signed Mystery,signed book gift,Exact,high-intent,/book/signed
JSM | Search | Signed Mystery Book | EN,Signed Mystery,signed detective novel,Exact,high-intent,/book/signed
JSM | Search | Signed Mystery Book | EN,Signed Mystery,signed paperback mystery,Exact,high-intent,/book/signed
JSM | Search | Signed Mystery Book | EN,Signed Mystery,author signed mystery book,Exact,high-intent,/book/signed
JSM | Search | Signed Mystery Book | EN,Signed Mystery,mystery book gift,Exact,high-intent,/book/signed
JSM | Search | Signed Mystery Book | EN,Signed Mystery,signed independent author book,Exact,high-intent,/book/signed
JSM | Search | Signed Mystery Book | EN,Signed Mystery,buy signed mystery novel,Phrase,high-intent,/book/signed
JSM | Search | Signed Mystery Book | EN,Signed Mystery,signed paperback mystery gift,Phrase,high-intent,/book/signed
JSM | Search | Signed Mystery Book | EN,Signed Mystery,personalized signed mystery book,Phrase,high-intent,/book/signed
JSM | Search | Signed Mystery Book | EN,Signed Mystery,signed detective book gift,Phrase,high-intent,/book/signed
JSM | Search | Signed Mystery Book | EN,Signed Mystery,author signed paperback mystery,Phrase,high-intent,/book/signed
JSM | Search | Signed Mystery Book | EN,Signed Mystery,signed crime fiction book,Exploratory Phrase,high-intent,/book/signed
JSM | Search | Signed Mystery Book | EN,Signed Mystery,indie author signed book,Exploratory Phrase,high-intent,/book/signed
JSM | Search | Signed Mystery Book | EN,Signed Mystery,signed book for mystery fan,Exploratory Phrase,high-intent,/book/signed
JSM | Search | Misterio Coruna | ES,Misterio A Coruña,novela misterio galicia,Exact,mid-funnel,/blogs/el-hombre-con-la-gorra
JSM | Search | Misterio Coruna | ES,Misterio A Coruña,novela misterio a coruña,Exact,mid-funnel,/blogs/el-hombre-con-la-gorra
JSM | Search | Misterio Coruna | ES,Misterio A Coruña,libro misterio español,Exact,mid-funnel,/blogs/el-hombre-con-la-gorra
JSM | Search | Misterio Coruna | ES,Misterio A Coruña,novela detectives españa,Exact,mid-funnel,/blogs/el-hombre-con-la-gorra
JSM | Search | Misterio Coruna | ES,Misterio A Coruña,libros ambientados en galicia,Exact,mid-funnel,/blogs/el-hombre-con-la-gorra
JSM | Search | Misterio Coruna | ES,Misterio A Coruña,misterio a coruña,Exact,mid-funnel,/blogs/el-hombre-con-la-gorra
JSM | Search | Misterio Coruna | ES,Misterio A Coruña,novela negra galicia,Exact,mid-funnel,/blogs/el-hombre-con-la-gorra
JSM | Search | Misterio Coruna | ES,Misterio A Coruña,libro ambientado en a coruña,Exact,mid-funnel,/blogs/el-hombre-con-la-gorra
JSM | Search | Misterio Coruna | ES,Misterio A Coruña,novela de misterio en galicia,Phrase,mid-funnel,/blogs/el-hombre-con-la-gorra
JSM | Search | Misterio Coruna | ES,Misterio A Coruña,novela ambientada en a coruña,Phrase,mid-funnel,/blogs/el-hombre-con-la-gorra
JSM | Search | Misterio Coruna | ES,Misterio A Coruña,libro de misterio español,Phrase,mid-funnel,/blogs/el-hombre-con-la-gorra
JSM | Search | Misterio Coruna | ES,Misterio A Coruña,novela negra en españa,Phrase,mid-funnel,/blogs/el-hombre-con-la-gorra
JSM | Search | Misterio Coruna | ES,Misterio A Coruña,misterio ambientado en galicia,Phrase,mid-funnel,/blogs/el-hombre-con-la-gorra
JSM | Search | Misterio Coruna | ES,Misterio A Coruña,detective privado novela españa,Exploratory Phrase,mid-funnel,/blogs/el-hombre-con-la-gorra
JSM | Search | Misterio Coruna | ES,Misterio A Coruña,misterio literario galicia,Exploratory Phrase,mid-funnel,/blogs/el-hombre-con-la-gorra
JSM | Search | Misterio Coruna | ES,Misterio A Coruña,libros misterio coruña,Exploratory Phrase,mid-funnel,/blogs/el-hombre-con-la-gorra
JSM | Search | Stories With Impact | EN,Stories With Impact,nonprofit publishing,Exact,discovery/mid-funnel,/blogs/the-camino
JSM | Search | Stories With Impact | EN,Stories With Impact,books supporting nonprofits,Exact,discovery/mid-funnel,/blogs/the-camino
JSM | Search | Stories With Impact | EN,Stories With Impact,storytelling for social impact,Exact,discovery/mid-funnel,/blogs/the-camino
JSM | Search | Stories With Impact | EN,Stories With Impact,books for a cause,Exact,discovery/mid-funnel,/blogs/the-camino
JSM | Search | Stories With Impact | EN,Stories With Impact,independent nonprofit publisher,Exact,discovery/mid-funnel,/blogs/the-camino
JSM | Search | Stories With Impact | EN,Stories With Impact,literature for social good,Exact,discovery/mid-funnel,/blogs/the-camino
JSM | Search | Stories With Impact | EN,Stories With Impact,mission driven publishing,Exact,discovery/mid-funnel,/blogs/the-camino
JSM | Search | Stories With Impact | EN,Stories With Impact,storytelling nonprofit,Exact,discovery/mid-funnel,/blogs/the-camino
JSM | Search | Stories With Impact | EN,Stories With Impact,books that support nonprofits,Phrase,discovery/mid-funnel,/blogs/the-camino
JSM | Search | Stories With Impact | EN,Stories With Impact,publisher with social impact,Phrase,discovery/mid-funnel,/blogs/the-camino
JSM | Search | Stories With Impact | EN,Stories With Impact,storytelling for a cause,Phrase,discovery/mid-funnel,/blogs/the-camino
JSM | Search | Stories With Impact | EN,Stories With Impact,nonprofit book publisher,Phrase,discovery/mid-funnel,/blogs/the-camino
JSM | Search | Stories With Impact | EN,Stories With Impact,literature supporting charity,Phrase,discovery/mid-funnel,/blogs/the-camino
JSM | Search | Stories With Impact | EN,Stories With Impact,mission based storytelling,Exploratory Phrase,discovery/mid-funnel,/blogs/the-camino
JSM | Search | Stories With Impact | EN,Stories With Impact,community publishing nonprofit,Exploratory Phrase,discovery/mid-funnel,/blogs/the-camino
JSM | Search | Stories With Impact | EN,Stories With Impact,books funding impact,Exploratory Phrase,discovery/mid-funnel,/blogs/the-camino
