Campaign,Ad Group,Negative Keyword,Match Type,Reason
JSM | Search | ACoruna Tower | EN,Tower of Hercules,jobs,Phrase,"Exclude irrelevant, low-intent, policy-risk, or mismatch searches for this campaign"
JSM | Search | ACoruna Tower | EN,Tower of Hercules,employment,Phrase,"Exclude irrelevant, low-intent, policy-risk, or mismatch searches for this campaign"
JSM | Search | ACoruna Tower | EN,Tower of Hercules,lighthouse jobs,Phrase,"Exclude irrelevant, low-intent, policy-risk, or mismatch searches for this campaign"
JSM | Search | ACoruna Tower | EN,Tower of Hercules,hotel,Phrase,"Exclude irrelevant, low-intent, policy-risk, or mismatch searches for this campaign"
JSM | Search | ACoruna Tower | EN,Tower of Hercules,hotels,Phrase,"Exclude irrelevant, low-intent, policy-risk, or mismatch searches for this campaign"
JSM | Search | ACoruna Tower | EN,Tower of Hercules,flights,Phrase,"Exclude irrelevant, low-intent, policy-risk, or mismatch searches for this campaign"
JSM | Search | ACoruna Tower | EN,Tower of Hercules,weather forecast,Phrase,"Exclude irrelevant, low-intent, policy-risk, or mismatch searches for this campaign"
JSM | Search | ACoruna Tower | EN,Tower of Hercules,wikipedia,Phrase,"Exclude irrelevant, low-intent, policy-risk, or mismatch searches for this campaign"
JSM | Search | ACoruna Tower | EN,Tower of Hercules,map,Phrase,"Exclude irrelevant, low-intent, policy-risk, or mismatch searches for this campaign"
JSM | Search | ACoruna Tower | EN,Tower of Hercules,tickets,Phrase,"Exclude irrelevant, low-intent, policy-risk, or mismatch searches for this campaign"
JSM | Search | ACoruna Tower | EN,Tower of Hercules,hours,Phrase,"Exclude irrelevant, low-intent, policy-risk, or mismatch searches for this campaign"
JSM | Search | ACoruna Tower | EN,Tower of Hercules,opening times,Phrase,"Exclude irrelevant, low-intent, policy-risk, or mismatch searches for this campaign"
JSM | Search | ACoruna Tower | EN,Tower of Hercules,free pdf,Phrase,"Exclude irrelevant, low-intent, policy-risk, or mismatch searches for this campaign"
JSM | Search | ACoruna Tower | EN,Tower of Hercules,torrent,Phrase,"Exclude irrelevant, low-intent, policy-risk, or mismatch searches for this campaign"
JSM | Search | ACoruna Old Town | EN,Ciudad Vieja,hotel,Phrase,"Exclude irrelevant, low-intent, policy-risk, or mismatch searches for this campaign"
JSM | Search | ACoruna Old Town | EN,Ciudad Vieja,hotels,Phrase,"Exclude irrelevant, low-intent, policy-risk, or mismatch searches for this campaign"
JSM | Search | ACoruna Old Town | EN,Ciudad Vieja,flights,Phrase,"Exclude irrelevant, low-intent, policy-risk, or mismatch searches for this campaign"
JSM | Search | ACoruna Old Town | EN,Ciudad Vieja,apartments,Phrase,"Exclude irrelevant, low-intent, policy-risk, or mismatch searches for this campaign"
JSM | Search | ACoruna Old Town | EN,Ciudad Vieja,real estate,Phrase,"Exclude irrelevant, low-intent, policy-risk, or mismatch searches for this campaign"
JSM | Search | ACoruna Old Town | EN,Ciudad Vieja,jobs,Phrase,"Exclude irrelevant, low-intent, policy-risk, or mismatch searches for this campaign"
JSM | Search | ACoruna Old Town | EN,Ciudad Vieja,employment,Phrase,"Exclude irrelevant, low-intent, policy-risk, or mismatch searches for this campaign"
JSM | Search | ACoruna Old Town | EN,Ciudad Vieja,wikipedia,Phrase,"Exclude irrelevant, low-intent, policy-risk, or mismatch searches for this campaign"
JSM | Search | ACoruna Old Town | EN,Ciudad Vieja,map,Phrase,"Exclude irrelevant, low-intent, policy-risk, or mismatch searches for this campaign"
JSM | Search | ACoruna Old Town | EN,Ciudad Vieja,free pdf,Phrase,"Exclude irrelevant, low-intent, policy-risk, or mismatch searches for this campaign"
JSM | Search | ACoruna Old Town | EN,Ciudad Vieja,torrent,Phrase,"Exclude irrelevant, low-intent, policy-risk, or mismatch searches for this campaign"
JSM | Search | ACoruna Coast | EN,Paseo Marítimo,hotel,Phrase,"Exclude irrelevant, low-intent, policy-risk, or mismatch searches for this campaign"
JSM | Search | ACoruna Coast | EN,Paseo Marítimo,hotels,Phrase,"Exclude irrelevant, low-intent, policy-risk, or mismatch searches for this campaign"
JSM | Search | ACoruna Coast | EN,Paseo Marítimo,flights,Phrase,"Exclude irrelevant, low-intent, policy-risk, or mismatch searches for this campaign"
JSM | Search | ACoruna Coast | EN,Paseo Marítimo,weather forecast,Phrase,"Exclude irrelevant, low-intent, policy-risk, or mismatch searches for this campaign"
JSM | Search | ACoruna Coast | EN,Paseo Marítimo,property,Phrase,"Exclude irrelevant, low-intent, policy-risk, or mismatch searches for this campaign"
JSM | Search | ACoruna Coast | EN,Paseo Marítimo,real estate,Phrase,"Exclude irrelevant, low-intent, policy-risk, or mismatch searches for this campaign"
JSM | Search | ACoruna Coast | EN,Paseo Marítimo,jobs,Phrase,"Exclude irrelevant, low-intent, policy-risk, or mismatch searches for this campaign"
JSM | Search | ACoruna Coast | EN,Paseo Marítimo,employment,Phrase,"Exclude irrelevant, low-intent, policy-risk, or mismatch searches for this campaign"
JSM | Search | ACoruna Coast | EN,Paseo Marítimo,beach rentals,Phrase,"Exclude irrelevant, low-intent, policy-risk, or mismatch searches for this campaign"
JSM | Search | ACoruna Coast | EN,Paseo Marítimo,map,Phrase,"Exclude irrelevant, low-intent, policy-risk, or mismatch searches for this campaign"
JSM | Search | ACoruna Coast | EN,Paseo Marítimo,free pdf,Phrase,"Exclude irrelevant, low-intent, policy-risk, or mismatch searches for this campaign"
JSM | Search | Maria Pita | EN,María Pita,hotel,Phrase,"Exclude irrelevant, low-intent, policy-risk, or mismatch searches for this campaign"
JSM | Search | Maria Pita | EN,María Pita,hotels,Phrase,"Exclude irrelevant, low-intent, policy-risk, or mismatch searches for this campaign"
JSM | Search | Maria Pita | EN,María Pita,restaurant reservations,Phrase,"Exclude irrelevant, low-intent, policy-risk, or mismatch searches for this campaign"
JSM | Search | Maria Pita | EN,María Pita,flights,Phrase,"Exclude irrelevant, low-intent, policy-risk, or mismatch searches for this campaign"
JSM | Search | Maria Pita | EN,María Pita,parking,Phrase,"Exclude irrelevant, low-intent, policy-risk, or mismatch searches for this campaign"
JSM | Search | Maria Pita | EN,María Pita,jobs,Phrase,"Exclude irrelevant, low-intent, policy-risk, or mismatch searches for this campaign"
JSM | Search | Maria Pita | EN,María Pita,employment,Phrase,"Exclude irrelevant, low-intent, policy-risk, or mismatch searches for this campaign"
JSM | Search | Maria Pita | EN,María Pita,wikipedia,Phrase,"Exclude irrelevant, low-intent, policy-risk, or mismatch searches for this campaign"
JSM | Search | Maria Pita | EN,María Pita,map,Phrase,"Exclude irrelevant, low-intent, policy-risk, or mismatch searches for this campaign"
JSM | Search | Maria Pita | EN,María Pita,free pdf,Phrase,"Exclude irrelevant, low-intent, policy-risk, or mismatch searches for this campaign"
JSM | Search | Maria Pita | EN,María Pita,torrent,Phrase,"Exclude irrelevant, low-intent, policy-risk, or mismatch searches for this campaign"
JSM | Search | Rainy Galicia | EN,Rainy Galicia,weather forecast,Phrase,"Exclude irrelevant, low-intent, policy-risk, or mismatch searches for this campaign"
JSM | Search | Rainy Galicia | EN,Rainy Galicia,weather today,Phrase,"Exclude irrelevant, low-intent, policy-risk, or mismatch searches for this campaign"
JSM | Search | Rainy Galicia | EN,Rainy Galicia,hourly weather,Phrase,"Exclude irrelevant, low-intent, policy-risk, or mismatch searches for this campaign"
JSM | Search | Rainy Galicia | EN,Rainy Galicia,radar,Phrase,"Exclude irrelevant, low-intent, policy-risk, or mismatch searches for this campaign"
JSM | Search | Rainy Galicia | EN,Rainy Galicia,climate data,Phrase,"Exclude irrelevant, low-intent, policy-risk, or mismatch searches for this campaign"
JSM | Search | Rainy Galicia | EN,Rainy Galicia,umbrella shop,Phrase,"Exclude irrelevant, low-intent, policy-risk, or mismatch searches for this campaign"
JSM | Search | Rainy Galicia | EN,Rainy Galicia,jobs,Phrase,"Exclude irrelevant, low-intent, policy-risk, or mismatch searches for this campaign"
JSM | Search | Rainy Galicia | EN,Rainy Galicia,employment,Phrase,"Exclude irrelevant, low-intent, policy-risk, or mismatch searches for this campaign"
JSM | Search | Rainy Galicia | EN,Rainy Galicia,hotel,Phrase,"Exclude irrelevant, low-intent, policy-risk, or mismatch searches for this campaign"
JSM | Search | Rainy Galicia | EN,Rainy Galicia,flights,Phrase,"Exclude irrelevant, low-intent, policy-risk, or mismatch searches for this campaign"
JSM | Search | Rainy Galicia | EN,Rainy Galicia,torrent,Phrase,"Exclude irrelevant, low-intent, policy-risk, or mismatch searches for this campaign"
JSM | Search | Galicia Mystery | EN,Galicia Mystery,summary,Phrase,"Exclude irrelevant, low-intent, policy-risk, or mismatch searches for this campaign"
JSM | Search | Galicia Mystery | EN,Galicia Mystery,sparknotes,Phrase,"Exclude irrelevant, low-intent, policy-risk, or mismatch searches for this campaign"
JSM | Search | Galicia Mystery | EN,Galicia Mystery,book report,Phrase,"Exclude irrelevant, low-intent, policy-risk, or mismatch searches for this campaign"
JSM | Search | Galicia Mystery | EN,Galicia Mystery,free pdf,Phrase,"Exclude irrelevant, low-intent, policy-risk, or mismatch searches for this campaign"
JSM | Search | Galicia Mystery | EN,Galicia Mystery,pdf download,Phrase,"Exclude irrelevant, low-intent, policy-risk, or mismatch searches for this campaign"
JSM | Search | Galicia Mystery | EN,Galicia Mystery,torrent,Phrase,"Exclude irrelevant, low-intent, policy-risk, or mismatch searches for this campaign"
JSM | Search | Galicia Mystery | EN,Galicia Mystery,pirated,Phrase,"Exclude irrelevant, low-intent, policy-risk, or mismatch searches for this campaign"
JSM | Search | Galicia Mystery | EN,Galicia Mystery,used textbook,Phrase,"Exclude irrelevant, low-intent, policy-risk, or mismatch searches for this campaign"
JSM | Search | Galicia Mystery | EN,Galicia Mystery,jobs,Phrase,"Exclude irrelevant, low-intent, policy-risk, or mismatch searches for this campaign"
JSM | Search | Galicia Mystery | EN,Galicia Mystery,movie,Phrase,"Exclude irrelevant, low-intent, policy-risk, or mismatch searches for this campaign"
JSM | Search | Galicia Mystery | EN,Galicia Mystery,netflix,Phrase,"Exclude irrelevant, low-intent, policy-risk, or mismatch searches for this campaign"
JSM | Search | Mystery Book Preview | EN,Mystery Preview,free pdf,Phrase,"Exclude irrelevant, low-intent, policy-risk, or mismatch searches for this campaign"
JSM | Search | Mystery Book Preview | EN,Mystery Preview,pdf download,Phrase,"Exclude irrelevant, low-intent, policy-risk, or mismatch searches for this campaign"
JSM | Search | Mystery Book Preview | EN,Mystery Preview,torrent,Phrase,"Exclude irrelevant, low-intent, policy-risk, or mismatch searches for this campaign"
JSM | Search | Mystery Book Preview | EN,Mystery Preview,pirated,Phrase,"Exclude irrelevant, low-intent, policy-risk, or mismatch searches for this campaign"
JSM | Search | Mystery Book Preview | EN,Mystery Preview,summary,Phrase,"Exclude irrelevant, low-intent, policy-risk, or mismatch searches for this campaign"
JSM | Search | Mystery Book Preview | EN,Mystery Preview,sparknotes,Phrase,"Exclude irrelevant, low-intent, policy-risk, or mismatch searches for this campaign"
JSM | Search | Mystery Book Preview | EN,Mystery Preview,audiobook free,Phrase,"Exclude irrelevant, low-intent, policy-risk, or mismatch searches for this campaign"
JSM | Search | Mystery Book Preview | EN,Mystery Preview,used book,Phrase,"Exclude irrelevant, low-intent, policy-risk, or mismatch searches for this campaign"
JSM | Search | Mystery Book Preview | EN,Mystery Preview,jobs,Phrase,"Exclude irrelevant, low-intent, policy-risk, or mismatch searches for this campaign"
JSM | Search | Mystery Book Preview | EN,Mystery Preview,movie,Phrase,"Exclude irrelevant, low-intent, policy-risk, or mismatch searches for this campaign"
JSM | Search | Mystery Book Preview | EN,Mystery Preview,netflix,Phrase,"Exclude irrelevant, low-intent, policy-risk, or mismatch searches for this campaign"
JSM | Search | Signed Mystery Book | EN,Signed Mystery,free pdf,Phrase,"Exclude irrelevant, low-intent, policy-risk, or mismatch searches for this campaign"
JSM | Search | Signed Mystery Book | EN,Signed Mystery,torrent,Phrase,"Exclude irrelevant, low-intent, policy-risk, or mismatch searches for this campaign"
JSM | Search | Signed Mystery Book | EN,Signed Mystery,pirated,Phrase,"Exclude irrelevant, low-intent, policy-risk, or mismatch searches for this campaign"
JSM | Search | Signed Mystery Book | EN,Signed Mystery,summary,Phrase,"Exclude irrelevant, low-intent, policy-risk, or mismatch searches for this campaign"
JSM | Search | Signed Mystery Book | EN,Signed Mystery,sparknotes,Phrase,"Exclude irrelevant, low-intent, policy-risk, or mismatch searches for this campaign"
JSM | Search | Signed Mystery Book | EN,Signed Mystery,book report,Phrase,"Exclude irrelevant, low-intent, policy-risk, or mismatch searches for this campaign"
JSM | Search | Signed Mystery Book | EN,Signed Mystery,jobs,Phrase,"Exclude irrelevant, low-intent, policy-risk, or mismatch searches for this campaign"
JSM | Search | Signed Mystery Book | EN,Signed Mystery,employment,Phrase,"Exclude irrelevant, low-intent, policy-risk, or mismatch searches for this campaign"
JSM | Search | Signed Mystery Book | EN,Signed Mystery,template,Phrase,"Exclude irrelevant, low-intent, policy-risk, or mismatch searches for this campaign"
JSM | Search | Signed Mystery Book | EN,Signed Mystery,certificate,Phrase,"Exclude irrelevant, low-intent, policy-risk, or mismatch searches for this campaign"
JSM | Search | Signed Mystery Book | EN,Signed Mystery,autograph value,Phrase,"Exclude irrelevant, low-intent, policy-risk, or mismatch searches for this campaign"
JSM | Search | Misterio Coruna | ES,Misterio A Coruña,pdf gratis,Phrase,"Exclude irrelevant, low-intent, policy-risk, or mismatch searches for this campaign"
JSM | Search | Misterio Coruna | ES,Misterio A Coruña,descargar pdf,Phrase,"Exclude irrelevant, low-intent, policy-risk, or mismatch searches for this campaign"
JSM | Search | Misterio Coruna | ES,Misterio A Coruña,torrent,Phrase,"Exclude irrelevant, low-intent, policy-risk, or mismatch searches for this campaign"
JSM | Search | Misterio Coruna | ES,Misterio A Coruña,pirata,Phrase,"Exclude irrelevant, low-intent, policy-risk, or mismatch searches for this campaign"
JSM | Search | Misterio Coruna | ES,Misterio A Coruña,resumen,Phrase,"Exclude irrelevant, low-intent, policy-risk, or mismatch searches for this campaign"
JSM | Search | Misterio Coruna | ES,Misterio A Coruña,wikipedia,Phrase,"Exclude irrelevant, low-intent, policy-risk, or mismatch searches for this campaign"
JSM | Search | Misterio Coruna | ES,Misterio A Coruña,trabajo,Phrase,"Exclude irrelevant, low-intent, policy-risk, or mismatch searches for this campaign"
JSM | Search | Misterio Coruna | ES,Misterio A Coruña,empleo,Phrase,"Exclude irrelevant, low-intent, policy-risk, or mismatch searches for this campaign"
JSM | Search | Misterio Coruna | ES,Misterio A Coruña,pelicula,Phrase,"Exclude irrelevant, low-intent, policy-risk, or mismatch searches for this campaign"
JSM | Search | Misterio Coruna | ES,Misterio A Coruña,serie,Phrase,"Exclude irrelevant, low-intent, policy-risk, or mismatch searches for this campaign"
JSM | Search | Misterio Coruna | ES,Misterio A Coruña,hotel,Phrase,"Exclude irrelevant, low-intent, policy-risk, or mismatch searches for this campaign"
JSM | Search | Misterio Coruna | ES,Misterio A Coruña,vuelos,Phrase,"Exclude irrelevant, low-intent, policy-risk, or mismatch searches for this campaign"
JSM | Search | Stories With Impact | EN,Stories With Impact,diabetes,Phrase,"Exclude irrelevant, low-intent, policy-risk, or mismatch searches for this campaign"
JSM | Search | Stories With Impact | EN,Stories With Impact,alzheimers,Phrase,"Exclude irrelevant, low-intent, policy-risk, or mismatch searches for this campaign"
JSM | Search | Stories With Impact | EN,Stories With Impact,alzheimer patients,Phrase,"Exclude irrelevant, low-intent, policy-risk, or mismatch searches for this campaign"
JSM | Search | Stories With Impact | EN,Stories With Impact,medical treatment,Phrase,"Exclude irrelevant, low-intent, policy-risk, or mismatch searches for this campaign"
JSM | Search | Stories With Impact | EN,Stories With Impact,symptoms,Phrase,"Exclude irrelevant, low-intent, policy-risk, or mismatch searches for this campaign"
JSM | Search | Stories With Impact | EN,Stories With Impact,diagnosis,Phrase,"Exclude irrelevant, low-intent, policy-risk, or mismatch searches for this campaign"
JSM | Search | Stories With Impact | EN,Stories With Impact,cure,Phrase,"Exclude irrelevant, low-intent, policy-risk, or mismatch searches for this campaign"
JSM | Search | Stories With Impact | EN,Stories With Impact,clinical trial,Phrase,"Exclude irrelevant, low-intent, policy-risk, or mismatch searches for this campaign"
JSM | Search | Stories With Impact | EN,Stories With Impact,jobs,Phrase,"Exclude irrelevant, low-intent, policy-risk, or mismatch searches for this campaign"
JSM | Search | Stories With Impact | EN,Stories With Impact,employment,Phrase,"Exclude irrelevant, low-intent, policy-risk, or mismatch searches for this campaign"
JSM | Search | Stories With Impact | EN,Stories With Impact,grant application,Phrase,"Exclude irrelevant, low-intent, policy-risk, or mismatch searches for this campaign"
JSM | Search | Stories With Impact | EN,Stories With Impact,free pdf,Phrase,"Exclude irrelevant, low-intent, policy-risk, or mismatch searches for this campaign"
