campaign,ad group,final URL,path 1,path 2,headline 1,headline 2,headline 3,headline 4,headline 5,headline 6,headline 7,headline 8,headline 9,headline 10,headline 11,headline 12,headline 13,headline 14,headline 15,description 1,description 2,description 3,description 4
JSM | Search | ACoruna Tower | EN,Tower of Hercules - Travel Lens,https://jsmcoop.com/blogs/a-coruna-through-the-lens-tower-of-hercules?utm_source=google&utm_medium=cpc&utm_campaign=jsm_acoruna_tower&utm_term={keyword}&utm_content={creative},tower,hercules,Tower Of Hercules,See A Coruña Differently,A Coruña Landmark,Visit Galicia By Story,Atlantic City Views,Explore The Tower,A Coruña Travel Read,Where Coruña Begins,Galicia Landmark Guide,Walk The Atlantic Edge,Torre De Hércules,Read The City Story,,,,Explore the Tower of Hercules through a thoughtful A Coruña travel story.,A useful destination read that opens the door to JSM stories and Galicia.,"Start with a landmark, then discover the mystery world behind the city.","Read before you visit A Coruña, or when Galicia is calling you back."
JSM | Search | ACoruna Tower | EN,Tower of Hercules - Story City,https://jsmcoop.com/blogs/a-coruna-through-the-lens-tower-of-hercules?utm_source=google&utm_medium=cpc&utm_campaign=jsm_acoruna_tower&utm_term={keyword}&utm_content={creative},tower,hercules,A Tower With A Story,A Coruña Through A Lens,The Atlantic Holds Clues,Travel Into Galicia,See The City Edge,A Landmark With Mood,Hercules Tower Read,A Coruña Story Path,From Tower To Mystery,Discover Galicia Place,Read A Coruña Today,Explore More Than Maps,,,,"The Tower of Hercules becomes a doorway into place, weather, memory, and story.",For travelers who want more than a checklist of A Coruña attractions.,"Follow the city from landmark discovery toward books, mystery, and Camino.","Useful travel content first, with deeper JSM stories waiting nearby."
JSM | Search | ACoruna Old Town | EN,Ciudad Vieja - Historic Walk,https://jsmcoop.com/blogs/a-coruna-through-the-lens-ciudad-vieja?utm_source=google&utm_medium=cpc&utm_campaign=jsm_acoruna_old_town&utm_term={keyword}&utm_content={creative},old-town,coruna,A Coruña Old Town,Walk Ciudad Vieja,Historic A Coruña,Old Streets Of Coruña,A City Of Stone,Explore Ciudad Vieja,Coruña Historic Center,Travel Galicia Slowly,A Coruña Walking Read,Old Town Story Guide,See Coruña In Layers,History Meets Daily Life,,,,"Walk Ciudad Vieja through a calm story about history, streets, and city life.",A better travel read for people exploring A Coruña beyond the obvious list.,"Start with the old town, then follow JSM deeper into Galicia and mystery.","Discover why A Coruña feels made for atmosphere, memory, and story."
JSM | Search | ACoruna Old Town | EN,Ciudad Vieja - Layered City,https://jsmcoop.com/blogs/a-coruna-through-the-lens-ciudad-vieja?utm_source=google&utm_medium=cpc&utm_campaign=jsm_acoruna_old_town&utm_term={keyword}&utm_content={creative},old-town,coruna,A Coruña In Layers,Ciudad Vieja Story,Old Town With Texture,Places To Visit Coruña,A Walk Through Memory,Coruña History Read,See The Older City,Explore Galicia Streets,A Coruña Travel Story,Historic Center Guide,Slow Travel A Coruña,Read The Old City,,,,Ciudad Vieja is not a checklist. It is a layered A Coruña story.,"Useful for travelers, walkers, readers, and anyone curious about Galicia.",Move from travel discovery to the mystery world set in A Coruña.,"Read one old-town article, then explore more JSM city stories."
JSM | Search | ACoruna Coast | EN,Paseo Marítimo - Coastal Discovery,https://jsmcoop.com/blogs/a-coruna-through-the-lens-paseo-maritimo?utm_source=google&utm_medium=cpc&utm_campaign=jsm_acoruna_coast&utm_term={keyword}&utm_content={creative},coruna,coast,A Coruña Promenade,Paseo Marítimo Read,Walk The Atlantic Coast,A Coruña Coastline,Coruña Waterfront,Galicia Coastal Walk,A Coruña Beaches,See The Seafront,Travel The City Edge,Atlantic Coruña Story,Walk A Coruña Slowly,Coastline With A Story,,,,"Walk the Paseo Marítimo through A Coruña coast, weather, movement, and story.",A useful read for travelers researching the Atlantic side of the city.,"Start on the waterfront, then follow the JSM path into mystery and Galicia.","No generic travel fluff, just a story-rich look at A Coruña by the sea."
JSM | Search | ACoruna Coast | EN,Paseo Marítimo - Atlantic City,https://jsmcoop.com/blogs/a-coruna-through-the-lens-paseo-maritimo?utm_source=google&utm_medium=cpc&utm_campaign=jsm_acoruna_coast&utm_term={keyword}&utm_content={creative},coruna,coast,The Atlantic City Read,A Coast Shaped By Story,A Coruña By The Sea,Galicia Waterfront Lens,Where City Meets Ocean,See Coruña Coast First,Paseo Marítimo Guide,Travel Galicia Coast,A Coruña Sea Walk,Atlantic Views In Coruña,Read The Coastline,Coastal Galicia Story,,,,"The A Coruña coastline becomes a guide to city rhythm, scale, and mood.",For travelers who want a thoughtful read before walking the waterfront.,"Explore the coast, then discover how place feeds the mystery.",A travel-first ad path that can later lead readers into JSM books.
JSM | Search | Maria Pita | EN,María Pita - Central Square,https://jsmcoop.com/blogs/a-coruna-through-the-lens-maria-pita?utm_source=google&utm_medium=cpc&utm_campaign=jsm_maria_pita&utm_term={keyword}&utm_content={creative},maria,pita,Plaza María Pita,María Pita A Coruña,A Coruña Main Square,See The City Center,Things To Do Coruña,A Civic Square Story,Visit María Pita,Coruña Central Read,Travel A Coruña Today,A Square With Rhythm,Explore City Center,Read María Pita,,,,Spend time in Plaza de María Pita through a story of civic scale and daily life.,A useful A Coruña travel read for people deciding what to see next.,"Start with the main square, then explore the wider JSM city library.","Destination research first, with mystery and book discovery as the next step."
JSM | Search | Maria Pita | EN,María Pita - City Rhythm,https://jsmcoop.com/blogs/a-coruna-through-the-lens-maria-pita?utm_source=google&utm_medium=cpc&utm_campaign=jsm_maria_pita&utm_term={keyword}&utm_content={creative},maria,pita,A Coruña City Center,The Heart Of Coruña,María Pita Story,Where Coruña Opens,See A Coruña Differently,A Square In Motion,Travel Galicia Cities,Coruña Landmark Read,Main Square Guide,A Coruña Public Life,Walk Into María Pita,City Center Travel Read,,,,"María Pita is a landmark, but the article treats it as living city space.","For travelers who like history, plazas, cafes, and everyday movement.","Read the square, then keep walking through A Coruña Through the Lens.",A calm content path from travel curiosity into JSM story discovery.
JSM | Search | Rainy Galicia | EN,Rainy Galicia - Rainy Travel,https://jsmcoop.com/blogs/a-rainy-day-in-a-coruna-through-the-lens?utm_source=google&utm_medium=cpc&utm_campaign=jsm_rainy_galicia&utm_term={keyword}&utm_content={creative},rainy,galicia,Rainy Galicia,A Coruña In The Rain,Galicia Rainy Day,Atmospheric Galicia,Coruña Photography,Rain Changes The City,A Rainy A Coruña Walk,Galicia Travel Mood,Photography In Galicia,A Coruña Weather Story,Rainy City Story,See Galicia In Rain,,,,"Read A Coruña in the rain as atmosphere, not a live weather forecast.",For travelers and photographers curious about Galicia mood and city texture.,A rainy-day article that can lead into more A Coruña stories and mystery.,Useful travel storytelling for people researching Galicia beyond sunshine.
JSM | Search | Rainy Galicia | EN,Rainy Galicia - Atmosphere,https://jsmcoop.com/blogs/a-rainy-day-in-a-coruna-through-the-lens?utm_source=google&utm_medium=cpc&utm_campaign=jsm_rainy_galicia&utm_term={keyword}&utm_content={creative},rainy,galicia,A Coruña Rain Story,Galicia Through A Lens,Moody Galicia Travel,A City Rewritten By Rain,Rain On Stone And Glass,Travel A Coruña Slowly,Atmospheric A Coruña,Coruña Rain Photography,See The Rainy City,Galicia City Mood,A Different A Coruña,Read The Rainy Walk,,,,"Rain becomes a way to understand A Coruña surfaces, movement, and mood.","No forecast claims, just a thoughtful article for Galicia discovery.","Start with weather atmosphere, then move toward mystery, books, and Camino.",A top-of-funnel travel path for readers who like place-rich writing.
JSM | Search | Galicia Mystery | EN,Galicia Mystery - Place Mystery,https://jsmcoop.com/blogs/mystery-memory-galicia-man-in-the-ball-cap?utm_source=google&utm_medium=cpc&utm_campaign=jsm_galicia_mystery&utm_term={keyword}&utm_content={creative},galicia,mystery,A Mystery Begins Here,Mystery Set In Spain,Galicia Mystery Novel,Meet Pepe Miguel,A Coruña Holds Secrets,Detective Novel Spain,Crime Fiction In Spain,Discover The Mystery,The City Has Clues,Mystery In Galicia,Read About The Story,Enter A Coruña,,,,A mystery begins with a place. Discover why A Coruña shapes Pepe Miguel.,"Explore secrets, symbols, danger, and the Galician setting behind the novel.",Book discovery without pressure: meet the world before choosing a copy.,"Start with the story of the city, then preview The Man in the Ball Cap."
JSM | Search | Galicia Mystery | EN,Galicia Mystery - Character Hook,https://jsmcoop.com/blogs/mystery-memory-galicia-man-in-the-ball-cap?utm_source=google&utm_medium=cpc&utm_campaign=jsm_galicia_mystery&utm_term={keyword}&utm_content={creative},galicia,mystery,Meet Pepe Miguel,A Detective In Galicia,Secrets In A Coruña,A Dark Spain Mystery,Mystery With Atmosphere,Galicia Crime Fiction,A Case Opens In Coruña,The Clues Begin Here,Preview The Mystery,Story Behind The Book,A Coruña Mystery Read,Discover Pepe Miguel,,,,"Pepe Miguel follows a dangerous case through A Coruña, Galicia.",A story-rich introduction for readers of mysteries set in real places.,"Discover the setting, then read the free preview when you are ready.","A soft book-discovery path built around atmosphere, not hard selling."
JSM | Search | Mystery Book Preview | EN,Mystery Preview - Preview First,https://jsmcoop.com/book?utm_source=google&utm_medium=cpc&utm_campaign=jsm_mystery_preview&utm_term={keyword}&utm_content={creative},free,preview,Read The Opening Free,Mystery Book Preview,Preview Before You Buy,New Mystery Novel,Detective Mystery Novel,Sample The Mystery,Read A Free Preview,Try The First Pages,Mystery Set In Spain,Choose After Reading,A Coruña Mystery,Start With A Sample,,,,Read the opening free before choosing an edition of the mystery.,"Preview The Man in the Ball Cap, then decide whether to buy.","A dark A Coruña mystery with secrets, symbols, and Pepe Miguel.","Sample first, then choose Amazon, Barnes & Noble, or a signed copy."
JSM | Search | Mystery Book Preview | EN,Mystery Preview - Reader Fit,https://jsmcoop.com/book?utm_source=google&utm_medium=cpc&utm_campaign=jsm_mystery_preview&utm_term={keyword}&utm_content={creative},free,preview,Find Your Next Mystery,Looking For A Mystery,Spain Mystery Book,A Detective Book Sample,Independent Mystery,Read Before Buying,Mystery Fans Start Here,A New Mystery To Try,Preview The Case,Free Kindle Preview,Book Set In Galicia,Meet The Mystery First,,,,Looking for a new mystery? Start with the free browser preview.,A Spain-set mystery for readers who like atmosphere and hidden motives.,No pressure to buy first. Read the sample and choose your edition later.,"The book page connects preview, retailer links, signed copy, and Camino."
JSM | Search | Signed Mystery Book | EN,Signed Mystery - Signed Gift,https://jsmcoop.com/book/signed?utm_source=google&utm_medium=cpc&utm_campaign=jsm_signed_mystery&utm_term={keyword}&utm_content={creative},signed,mystery,Signed Mystery Book,Own A Signed Mystery,Signed Paperback Gift,Author Signed Mystery,Mystery Book Gift,Direct From JSM,Personal Inscription,Signed Detective Novel,Order A Signed Copy,A Gift With A Story,Signed Copy Available,For Mystery Readers,,,,Order a physical paperback signed direct from JSM Cooperative.,Includes the #JoinTheCamino inscription and optional personalized note.,A strong gift path for mystery readers who want a signed edition.,Secure PayPal checkout starts from the signed-copy page.
JSM | Search | Signed Mystery Book | EN,Signed Mystery - Direct Response,https://jsmcoop.com/book/signed?utm_source=google&utm_medium=cpc&utm_campaign=jsm_signed_mystery&utm_term={keyword}&utm_content={creative},signed,mystery,Buy A Signed Copy,Signed Mystery Novel,Signed Direct Edition,Paperback From JSM,Personalized Mystery Gift,Signed Book For Fans,The Signed Edition,Order Direct Today,Signed By JSM,A Mystery Gift Idea,Physical Paperback,Signed Copy Proof,,,,"The signed page validates paperback, signature proof, inscription, and PayPal.",Buy direct from JSM Cooperative when you want the signed physical edition.,"Current site copy says $15 plus shipping, with shipping handled in PayPal.","Track checkout starts, PayPal returns, and future verified purchases separately."
JSM | Search | Misterio Coruna | ES,Misterio A Coruña - Descubrimiento,https://jsmcoop.com/blogs/el-hombre-con-la-gorra?utm_source=google&utm_medium=cpc&utm_campaign=jsm_misterio_coruna_es&utm_term={keyword}&utm_content={creative},misterio,coruna,Misterio En A Coruña,Novela Negra Galicia,Novela De Misterio,Libro Ambientado Galicia,Misterio Literario,El Hombre De La Gorra,A Coruña Tiene Secretos,Novela En Galicia,Descubre El Misterio,Leer Sobre La Historia,Misterio Con Lugar,Entra En A Coruña,,,,Descubre una historia de misterio ambientada en A Coruña y Galicia.,Una puerta de entrada al mundo de El Hombre de la Gorra de Béisbol.,"Lee sobre la historia, el Camino y la misión de JSM Cooperative.","Anuncios en español natural para lectores de misterio, no traducción dura."
JSM | Search | Misterio Coruna | ES,Misterio A Coruña - Lectores ES,https://jsmcoop.com/blogs/el-hombre-con-la-gorra?utm_source=google&utm_medium=cpc&utm_campaign=jsm_misterio_coruna_es&utm_term={keyword}&utm_content={creative},misterio,coruna,Libro Misterio Español,Novela Detectives España,Misterio A Coruña,Galicia En Una Novela,Lectores De Misterio,Historia Con Secretos,Novela Negra Española,Pepe Miguel Investiga,Misterio En Galicia,Leer Muestra Gratis,Edición Española,Un Caso En Galicia,,,,"Para lectores que buscan misterio, Galicia, memoria y atmósfera.",Conoce la edición española y sigue el camino hacia la muestra gratis.,A Coruña no es decorado: es parte del misterio y de la memoria.,Evita promesas exageradas; ofrece descubrimiento literario en español.
JSM | Search | Stories With Impact | EN,Stories With Impact - Mission Story,https://jsmcoop.com/blogs/the-camino?utm_source=google&utm_medium=cpc&utm_campaign=jsm_stories_impact&utm_term={keyword}&utm_content={creative},stories,impact,Stories With Impact,Nonprofit Publishing,Books For A Cause,Storytelling Nonprofit,Mission Driven Books,Walk The Camino,Literature For Good,Publishing With Purpose,Stories Fund Impact,Join A Reader Path,Community Through Books,A Cooperative Story,,,,"Explore how JSM connects books, readers, publishing, and community impact.","The Camino is about stories, community, publishing, and shared support.",No health-condition targeting: this campaign stays mission and story centered.,"Read the Camino article, then choose newsletter, preview, or subscription."
JSM | Search | Stories With Impact | EN,Stories With Impact - Camino Community,https://jsmcoop.com/blogs/the-camino?utm_source=google&utm_medium=cpc&utm_campaign=jsm_stories_impact&utm_term={keyword}&utm_content={creative},stories,impact,Walk The Camino,Storytelling For Good,Books Build Community,Mission Driven Publishing,Join The Camino Story,A Reader Powered Path,Stories And Community,Publishing For Impact,Independent Nonprofit,Read The Mission,Support Through Stories,A Camino Of Readers,,,,Discover the Camino as JSM Cooperative’s reader-powered path.,Built for people interested in nonprofit publishing and social impact.,"Secondary paths include newsletter, novel subscription, preview, and blogs.","A mission campaign about stories and impact, not medical-condition targeting."
